[{"model": "store.activitylog", "pk": 1, "fields": {"user": null, "action_time": "2025-10-25T17:16:38.190Z", "action_type": "PRICE_UPDATED", "description": "Product 'rage camera' details updated. Price changed from GHC1000.00 to GHC10000.00.", "object_id": 1, "object_repr": "rage camera"}}, {"model": "store.activitylog", "pk": 2, "fields": {"user": null, "action_time": "2025-10-25T17:17:00.319Z", "action_type": "DISCOUNT_APPLIED", "description": "Product 'rage camera' details updated. Discount set to GHC6999.00.", "object_id": 1, "object_repr": "rage camera"}}, {"model": "store.activitylog", "pk": 3, "fields": {"user": null, "action_time": "2025-10-25T17:17:31.537Z", "action_type": "PRODUCT_UPDATED", "description": "Product 'rage camera' details updated.", "object_id": 1, "object_repr": "rage camera"}}, {"model": "store.activitylog", "pk": 4, "fields": {"user": null, "action_time": "2025-10-25T17:20:39.452Z", "action_type": "PRODUCT_UPDATED", "description": "Product 'maternal and children Hospital' details updated.", "object_id": 3, "object_repr": "maternal and children Hospital"}}, {"model": "store.activitylog", "pk": 5, "fields": {"user": null, "action_time": "2025-10-25T17:24:39.873Z", "action_type": "DISCOUNT_APPLIED", "description": "Discount for 'rage camera' set to GHC699.00.", "object_id": 1, "object_repr": "rage camera"}}, {"model": "store.activitylog", "pk": 6, "fields": {"user": null, "action_time": "2025-10-25T17:24:51.241Z", "action_type": "STOCK_UPDATED", "description": "Stock for 'rage camera' changed from 100 to 99.", "object_id": 1, "object_repr": "rage camera"}}, {"model": "store.activitylog", "pk": 7, "fields": {"user": null, "action_time": "2025-11-02T14:49:05.753Z", "action_type": "PRODUCT_UPDATED", "description": "General details for product 'rage camera' were modified.", "object_id": 1, "object_repr": "rage camera"}}, {"model": "store.activitylog", "pk": 8, "fields": {"user": null, "action_time": "2025-11-03T00:00:41.990Z", "action_type": "PRODUCT_ADDED", "description": "New product 'rage camera k' (Price: GHC100, Stock: 0) was added to inventory.", "object_id": 8, "object_repr": "rage camera k"}}, {"model": "store.activitylog", "pk": 9, "fields": {"user": null, "action_time": "2025-11-03T00:06:40.586Z", "action_type": "PRODUCT_UPDATED", "description": "General details for product 'rage camera' were modified.", "object_id": 1, "object_repr": "rage camera"}}, {"model": "store.activitylog", "pk": 10, "fields": {"user": null, "action_time": "2025-11-03T12:18:37.894Z", "action_type": "REQUEST_REPLY_SENT", "description": "Sent chat reply (Quote/Info) to Service Request #4.", "object_id": 4, "object_repr": "Service Request #4"}}, {"model": "store.activitylog", "pk": 11, "fields": {"user": null, "action_time": "2025-11-06T22:46:54.306Z", "action_type": "PRODUCT_UPDATED", "description": "General details for product 'maternal and children Hospital' were modified.", "object_id": 3, "object_repr": "maternal and children Hospital"}}, {"model": "store.activitylog", "pk": 12, "fields": {"user": null, "action_time": "2025-11-06T22:47:09.525Z", "action_type": "PRODUCT_UPDATED", "description": "General details for product 'Fatino 1' were modified.", "object_id": 7, "object_repr": "Fatino 1"}}, {"model": "store.activitylog", "pk": 13, "fields": {"user": null, "action_time": "2025-11-06T22:47:13.818Z", "action_type": "PRODUCT_UPDATED", "description": "General details for product 'rage camera 3' were modified.", "object_id": 4, "object_repr": "rage camera 3"}}, {"model": "store.activitylog", "pk": 14, "fields": {"user": null, "action_time": "2025-11-06T22:47:27.176Z", "action_type": "PRODUCT_UPDATED", "description": "General details for product 'rage camera k' were modified.", "object_id": 8, "object_repr": "rage camera k"}}, {"model": "store.activitylog", "pk": 15, "fields": {"user": null, "action_time": "2025-11-06T22:48:17.747Z", "action_type": "PRODUCT_UPDATED", "description": "General details for product 'Fatino 5' were modified.", "object_id": 6, "object_repr": "Fatino 5"}}, {"model": "store.activitylog", "pk": 16, "fields": {"user": null, "action_time": "2025-11-06T22:49:03.411Z", "action_type": "PRODUCT_UPDATED", "description": "General details for product 'rage camera 7' were modified.", "object_id": 5, "object_repr": "rage camera 7"}}, {"model": "store.activitylog", "pk": 17, "fields": {"user": null, "action_time": "2025-11-06T23:35:18.416Z", "action_type": "STOCK_UPDATED", "description": "Stock for 'rage camera' changed from 99 to 100.", "object_id": 1, "object_repr": "rage camera"}}, {"model": "store.activitylog", "pk": 18, "fields": {"user": 21, "action_time": "2025-11-07T01:35:56.598Z", "action_type": "STAFF_LOGIN", "description": "Successful staff login to the portal.", "object_id": null, "object_repr": null}}, {"model": "store.activitylog", "pk": 19, "fields": {"user": 21, "action_time": "2025-11-07T13:12:07.248Z", "action_type": "STAFF_LOGIN", "description": "Successful staff login to the portal.", "object_id": null, "object_repr": null}}, {"model": "store.customer", "pk": 16, "fields": {"user": 16, "name": "Albertoosrr", "email": "lonartabigail@gmail.com"}}, {"model": "store.customer", "pk": 21, "fields": {"user": 21, "name": "Albertoos33", "email": "maternalandchildrenh@gmail.com"}}, {"model": "store.customer", "pk": 25, "fields": {"user": 25, "name": "tokyo21", "email": "pastorkonlaa@gmail.com"}}, {"model": "store.customer", "pk": 26, "fields": {"user": 26, "name": "Albertoos", "email": "pastorkonlaa@gmail.com"}}, {"model": "store.product", "pk": 1, "fields": {"name": "rage camera", "price": "10000.00", "digital": true, "discount_price": "699.00", "stock_quantity": 100}}, {"model": "store.product", "pk": 3, "fields": {"name": "maternal and children Hospital", "price": "10000.00", "digital": true, "discount_price": "9000.00", "stock_quantity": 10}}, {"model": "store.product", "pk": 4, "fields": {"name": "rage camera 3", "price": "3000.00", "digital": true, "discount_price": null, "stock_quantity": 40}}, {"model": "store.product", "pk": 5, "fields": {"name": "rage camera 7", "price": "5034.00", "digital": true, "discount_price": null, "stock_quantity": 0}}, {"model": "store.product", "pk": 6, "fields": {"name": "Fatino 5", "price": "3432.00", "digital": true, "discount_price": null, "stock_quantity": 1}}, {"model": "store.product", "pk": 7, "fields": {"name": "Fatino 1", "price": "10000.00", "digital": true, "discount_price": "7000.00", "stock_quantity": 4}}, {"model": "store.product", "pk": 8, "fields": {"name": "rage camera k", "price": "100.00", "digital": false, "discount_price": "33.00", "stock_quantity": 0}}, {"model": "store.product", "pk": 9, "fields": {"name": "test-cloud", "price": "1.00", "digital": false, "discount_price": null, "stock_quantity": 0}}, {"model": "store.product", "pk": 10, "fields": {"name": "test2", "price": "5.00", "digital": false, "discount_price": null, "stock_quantity": 0}}, {"model": "store.productimage", "pk": 1, "fields": {"product": 3, "image": "product_photos/download_1_PO3YEck.jpeg", "date_uploaded": "2025-10-17T21:32:36.375Z"}}, {"model": "store.productimage", "pk": 2, "fields": {"product": 1, "image": "product_photos/68b93dc53edaa8f0ff1fca1c63946bbf.jpg", "date_uploaded": "2025-10-17T21:33:10.807Z"}}, {"model": "store.productimage", "pk": 4, "fields": {"product": 4, "image": "product_photos/images_XWKJ7CK.jpeg", "date_uploaded": "2025-10-17T21:45:46.261Z"}}, {"model": "store.productimage", "pk": 5, "fields": {"product": 5, "image": "product_photos/1aab1ca9031955e0bb5947f885fc6ef8.jpg", "date_uploaded": "2025-10-17T21:45:55.193Z"}}, {"model": "store.productimage", "pk": 7, "fields": {"product": 6, "image": "product_photos/68b93dc53edaa8f0ff1fca1c63946bbf_uMBXch8.jpg", "date_uploaded": "2025-10-17T21:46:12.565Z"}}, {"model": "store.productimage", "pk": 8, "fields": {"product": 7, "image": "product_photos/images_3gbybY8.jpeg", "date_uploaded": "2025-10-18T12:42:56.223Z"}}, {"model": "store.productimage", "pk": 9, "fields": {"product": 8, "image": "product_photos/56dcc5b9f74b30e452692fc9a89e25b8.jpg", "date_uploaded": "2025-11-06T22:47:27.174Z"}}, {"model": "store.productimage", "pk": 10, "fields": {"product": 9, "image": "product_photos/t.jpg", "date_uploaded": "2025-11-08T11:08:32.954Z"}}, {"model": "store.productimage", "pk": 11, "fields": {"product": 10, "image": "product_photos/t_nb4uLZn.jpg", "date_uploaded": "2025-11-08T11:08:38.515Z"}}, {"model": "store.order", "pk": 1, "fields": {"customer": null, "date_ordered": "2025-10-17T23:50:15.036Z", "complete": false, "transaction_id": null}}, {"model": "store.order", "pk": 2, "fields": {"customer": null, "date_ordered": "2025-11-02T20:50:12.841Z", "complete": false, "transaction_id": null}}, {"model": "store.order", "pk": 3, "fields": {"customer": null, "date_ordered": "2025-11-02T22:21:24.548Z", "complete": false, "transaction_id": null}}, {"model": "store.order", "pk": 4, "fields": {"customer": null, "date_ordered": "2025-11-07T00:25:13.134Z", "complete": false, "transaction_id": null}}, {"model": "store.order", "pk": 5, "fields": {"customer": null, "date_ordered": "2025-11-07T00:42:00.138Z", "complete": false, "transaction_id": null}}, {"model": "store.order", "pk": 6, "fields": {"customer": 21, "date_ordered": "2025-11-07T00:55:34.715Z", "complete": false, "transaction_id": null}}, {"model": "store.order", "pk": 7, "fields": {"customer": null, "date_ordered": "2025-11-07T01:08:42.194Z", "complete": false, "transaction_id": null}}, {"model": "store.order", "pk": 8, "fields": {"customer": null, "date_ordered": "2025-11-07T13:11:25.302Z", "complete": false, "transaction_id": null}}, {"model": "store.order", "pk": 9, "fields": {"customer": 25, "date_ordered": "2025-11-07T13:32:43.616Z", "complete": false, "transaction_id": null}}]